run_id,episode,episode_reward,avg_reward_20ep,avg_loss,epsilon,action_off,action_cool,action_heat,lr,gamma,epsilon_decay,batch_size,buffer_capacity
a39e8264f59c44bdb9cee0d82cafd053,1,-1369.6848,-1369.6848,0.0,0.995,11,7,6,0.001,0.99,0.995,64,10000
a39e8264f59c44bdb9cee0d82cafd053,2,-2277.5777,-1823.6313,0.0,0.99,7,7,10,0.001,0.99,0.995,64,10000
a39e8264f59c44bdb9cee0d82cafd053,3,-818.1517,-1488.4714,8377.3772,0.9851,7,11,6,0.001,0.99,0.995,64,10000
a39e8264f59c44bdb9cee0d82cafd053,4,-1145.4421,-1402.7141,6788.0602,0.9801,11,7,6,0.001,0.99,0.995,64,10000
a39e8264f59c44bdb9cee0d82cafd053,5,-2746.3845,-1671.4482,4724.4302,0.9752,5,7,12,0.001,0.99,0.995,64,10000
a39e8264f59c44bdb9cee0d82cafd053,6,-2174.8498,-1755.3484,4131.5935,0.9704,9,7,8,0.001,0.99,0.995,64,10000
a39e8264f59c44bdb9cee0d82cafd053,7,-800.6926,-1618.969,3447.9652,0.9655,7,9,8,0.001,0.99,0.995,64,10000
a39e8264f59c44bdb9cee0d82cafd053,8,-1138.9811,-1558.9705,3166.9983,0.9607,8,8,8,0.001,0.99,0.995,64,10000
a39e8264f59c44bdb9cee0d82cafd053,9,-2077.861,-1616.625,2774.1364,0.9559,5,8,11,0.001,0.99,0.995,64,10000
a39e8264f59c44bdb9cee0d82cafd053,10,-783.4929,-1533.3118,2438.4856,0.9511,3,12,9,0.001,0.99,0.995,64,10000
a39e8264f59c44bdb9cee0d82cafd053,11,-980.5644,-1483.062,2209.9013,0.9464,11,8,5,0.001,0.99,0.995,64,10000
a39e8264f59c44bdb9cee0d82cafd053,12,-1045.4182,-1446.5917,1943.0337,0.9416,7,10,7,0.001,0.99,0.995,64,10000
a39e8264f59c44bdb9cee0d82cafd053,13,-1309.0619,-1436.0125,1768.6596,0.9369,8,8,8,0.001,0.99,0.995,64,10000
a39e8264f59c44bdb9cee0d82cafd053,14,-1003.8146,-1405.1412,1530.266,0.9322,7,11,6,0.001,0.99,0.995,64,10000
a39e8264f59c44bdb9cee0d82cafd053,15,-524.8743,-1346.4568,1492.8702,0.9276,3,15,6,0.001,0.99,0.995,64,10000
a39e8264f59c44bdb9cee0d82cafd053,16,-1205.6707,-1337.6576,1224.1484,0.9229,6,10,8,0.001,0.99,0.995,64,10000
a39e8264f59c44bdb9cee0d82cafd053,17,-1738.7502,-1361.2513,1271.314,0.9183,6,9,9,0.001,0.99,0.995,64,10000
a39e8264f59c44bdb9cee0d82cafd053,18,-1138.7014,-1348.8874,1113.1033,0.9137,7,9,8,0.001,0.99,0.995,64,10000
a39e8264f59c44bdb9cee0d82cafd053,19,-989.5281,-1329.9738,904.1391,0.9092,9,8,7,0.001,0.99,0.995,64,10000
a39e8264f59c44bdb9cee0d82cafd053,20,-141.5009,-1270.5501,764.448,0.9046,11,12,1,0.001,0.99,0.995,64,10000
a39e8264f59c44bdb9cee0d82cafd053,21,-1546.7841,-1283.7041,685.2904,0.9001,8,7,9,0.001,0.99,0.995,64,10000
a39e8264f59c44bdb9cee0d82cafd053,22,-1698.3714,-1299.3559,548.9726,0.8956,8,7,9,0.001,0.99,0.995,64,10000
a39e8264f59c44bdb9cee0d82cafd053,23,-1076.3877,-1242.1564,427.256,0.8911,10,8,6,0.001,0.99,0.995,64,10000
a39e8264f59c44bdb9cee0d82cafd053,24,-2297.4836,-1312.6007,407.272,0.8867,2,11,11,0.001,0.99,0.995,64,10000
a39e8264f59c44bdb9cee0d82cafd053,25,-456.2882,-1279.7839,345.271,0.8822,7,11,6,0.001,0.99,0.995,64,10000
a39e8264f59c44bdb9cee0d82cafd053,26,-1857.2402,-1237.4437,291.9622,0.8778,10,5,9,0.001,0.99,0.995,64,10000
a39e8264f59c44bdb9cee0d82cafd053,27,-1683.6094,-1214.0513,250.0056,0.8734,5,10,9,0.001,0.99,0.995,64,10000
a39e8264f59c44bdb9cee0d82cafd053,28,-848.734,-1216.339,212.7362,0.8691,7,11,6,0.001,0.99,0.995,64,10000
a39e8264f59c44bdb9cee0d82cafd053,29,-309.3539,-1176.8329,181.6116,0.8647,8,12,4,0.001,0.99,0.995,64,10000
a39e8264f59c44bdb9cee0d82cafd053,30,-478.2347,-1100.6602,136.8752,0.8604,6,11,7,0.001,0.99,0.995,64,10000
a39e8264f59c44bdb9cee0d82cafd053,31,-2233.7988,-1169.7224,119.7618,0.8561,8,7,9,0.001,0.99,0.995,64,10000
a39e8264f59c44bdb9cee0d82cafd053,32,-2669.0308,-1250.1256,116.301,0.8518,6,6,12,0.001,0.99,0.995,64,10000
a39e8264f59c44bdb9cee0d82cafd053,33,-648.684,-1231.2335,110.5662,0.8475,6,11,7,0.001,0.99,0.995,64,10000
a39e8264f59c44bdb9cee0d82cafd053,34,-1293.8719,-1230.5101,91.7329,0.8433,7,9,8,0.001,0.99,0.995,64,10000
a39e8264f59c44bdb9cee0d82cafd053,35,-1152.3125,-1237.5815,84.7486,0.8391,7,9,8,0.001,0.99,0.995,64,10000
a39e8264f59c44bdb9cee0d82cafd053,36,-397.1332,-1231.4986,75.785,0.8349,1,15,8,0.001,0.99,0.995,64,10000
a39e8264f59c44bdb9cee0d82cafd053,37,-458.3761,-1195.9131,71.8779,0.8307,8,13,3,0.001,0.99,0.995,64,10000
a39e8264f59c44bdb9cee0d82cafd053,38,-521.1078,-1137.9301,68.3942,0.8266,8,11,5,0.001,0.99,0.995,64,10000
a39e8264f59c44bdb9cee0d82cafd053,39,-1057.6281,-1134.0695,68.6969,0.8224,7,9,8,0.001,0.99,0.995,64,10000
a39e8264f59c44bdb9cee0d82cafd053,40,-795.4254,-1124.8265,68.7918,0.8183,6,12,6,0.001,0.99,0.995,64,10000
a39e8264f59c44bdb9cee0d82cafd053,41,-25.1477,-1119.2859,66.1312,0.8142,5,17,2,0.001,0.99,0.995,64,10000
a39e8264f59c44bdb9cee0d82cafd053,42,-901.1267,-1088.5403,65.8052,0.8102,9,8,7,0.001,0.99,0.995,64,10000
a39e8264f59c44bdb9cee0d82cafd053,43,-2691.3515,-1135.8251,62.4446,0.8061,8,6,10,0.001,0.99,0.995,64,10000
a39e8264f59c44bdb9cee0d82cafd053,44,-347.0196,-1101.0932,69.3689,0.8021,7,12,5,0.001,0.99,0.995,64,10000
a39e8264f59c44bdb9cee0d82cafd053,45,-1236.3657,-1050.5638,56.5629,0.7981,7,8,9,0.001,0.99,0.995,64,10000
a39e8264f59c44bdb9cee0d82cafd053,46,-124.2885,-1034.7543,59.4323,0.7941,4,16,4,0.001,0.99,0.995,64,10000
a39e8264f59c44bdb9cee0d82cafd053,47,-40.2182,-948.2295,57.2799,0.7901,4,18,2,0.001,0.99,0.995,64,10000
a39e8264f59c44bdb9cee0d82cafd053,48,-246.8057,-879.8102,48.0134,0.7862,8,12,4,0.001,0.99,0.995,64,10000
a39e8264f59c44bdb9cee0d82cafd053,49,-372.6975,-857.1418,51.7092,0.7822,8,12,4,0.001,0.99,0.995,64,10000
a39e8264f59c44bdb9cee0d82cafd053,50,-662.8117,-873.9731,54.0771,0.7783,7,13,4,0.001,0.99,0.995,64,10000
a39e8264f59c44bdb9cee0d82cafd053,51,-296.0191,-865.2962,1180.1639,0.7744,7,13,4,0.001,0.99,0.995,64,10000
a39e8264f59c44bdb9cee0d82cafd053,52,-226.4396,-769.7077,513.1973,0.7705,6,14,4,0.001,0.99,0.995,64,10000
a39e8264f59c44bdb9cee0d82cafd053,53,-251.2287,-654.5743,405.3344,0.7667,6,13,5,0.001,0.99,0.995,64,10000
a39e8264f59c44bdb9cee0d82cafd053,54,-965.5246,-669.6619,289.3299,0.7629,9,8,7,0.001,0.99,0.995,64,10000
a39e8264f59c44bdb9cee0d82cafd053,55,-1032.886,-657.234,322.1057,0.759,6,10,8,0.001,0.99,0.995,64,10000
a39e8264f59c44bdb9cee0d82cafd053,56,-1565.4658,-676.908,240.6917,0.7553,6,8,10,0.001,0.99,0.995,64,10000
a39e8264f59c44bdb9cee0d82cafd053,57,-2114.0981,-758.6682,161.4241,0.7515,9,7,8,0.001,0.99,0.995,64,10000
a39e8264f59c44bdb9cee0d82cafd053,58,-1133.3062,-790.8077,185.8264,0.7477,6,11,7,0.001,0.99,0.995,64,10000
a39e8264f59c44bdb9cee0d82cafd053,59,-183.898,-774.7501,185.9657,0.744,6,13,5,0.001,0.99,0.995,64,10000
a39e8264f59c44bdb9cee0d82cafd053,60,-406.6602,-743.7516,194.6874,0.7403,6,12,6,0.001,0.99,0.995,64,10000
a39e8264f59c44bdb9cee0d82cafd053,61,-391.2956,-724.5074,158.4932,0.7366,3,14,7,0.001,0.99,0.995,64,10000
a39e8264f59c44bdb9cee0d82cafd053,62,-638.4768,-753.7135,159.7475,0.7329,3,14,7,0.001,0.99,0.995,64,10000
a39e8264f59c44bdb9cee0d82cafd053,63,-722.0244,-745.1848,148.7531,0.7292,4,13,7,0.001,0.99,0.995,64,10000
a39e8264f59c44bdb9cee0d82cafd053,64,-496.9869,-640.6913,131.6696,0.7256,5,14,5,0.001,0.99,0.995,64,10000
a39e8264f59c44bdb9cee0d82cafd053,65,-1107.9422,-676.9257,157.4582,0.7219,9,7,8,0.001,0.99,0.995,64,10000
a39e8264f59c44bdb9cee0d82cafd053,66,-360.1482,-635.201,148.7647,0.7183,4,14,6,0.001,0.99,0.995,64,10000
a39e8264f59c44bdb9cee0d82cafd053,67,-167.3721,-637.2526,124.1272,0.7147,3,17,4,0.001,0.99,0.995,64,10000
a39e8264f59c44bdb9cee0d82cafd053,68,-1001.2057,-683.0139,135.5938,0.7112,6,11,7,0.001,0.99,0.995,64,10000
a39e8264f59c44bdb9cee0d82cafd053,69,-507.6304,-695.4342,141.4939,0.7076,6,14,4,0.001,0.99,0.995,64,10000
a39e8264f59c44bdb9cee0d82cafd053,70,-1193.2206,-734.5067,112.9779,0.7041,5,13,6,0.001,0.99,0.995,64,10000
a39e8264f59c44bdb9cee0d82cafd053,71,-2963.1749,-844.0478,115.8899,0.7005,5,7,12,0.001,0.99,0.995,64,10000
a39e8264f59c44bdb9cee0d82cafd053,72,-855.2742,-870.679,148.0031,0.697,8,10,6,0.001,0.99,0.995,64,10000
a39e8264f59c44bdb9cee0d82cafd053,73,-1274.3803,-920.5809,104.7207,0.6936,6,10,8,0.001,0.99,0.995,64,10000
a39e8264f59c44bdb9cee0d82cafd053,74,-190.4109,-917.6849,102.0564,0.6901,10,13,1,0.001,0.99,0.995,64,10000
a39e8264f59c44bdb9cee0d82cafd053,75,-478.1309,-894.4756,112.4434,0.6866,4,13,7,0.001,0.99,0.995,64,10000
a39e8264f59c44bdb9cee0d82cafd053,76,-684.2649,-877.8746,115.2934,0.6832,4,14,6,0.001,0.99,0.995,64,10000
a39e8264f59c44bdb9cee0d82cafd053,77,-792.0957,-841.0475,121.0115,0.6798,5,12,7,0.001,0.99,0.995,64,10000
a39e8264f59c44bdb9cee0d82cafd053,78,-11.4835,-740.923,109.5929,0.6764,3,19,2,0.001,0.99,0.995,64,10000
a39e8264f59c44bdb9cee0d82cafd053,79,-106.7009,-692.037,111.3879,0.673,5,16,3,0.001,0.99,0.995,64,10000
a39e8264f59c44bdb9cee0d82cafd053,80,-990.1546,-730.4302,130.1037,0.6696,8,10,6,0.001,0.99,0.995,64,10000
a39e8264f59c44bdb9cee0d82cafd053,81,-1331.9075,-774.4896,121.8937,0.6663,3,12,9,0.001,0.99,0.995,64,10000
a39e8264f59c44bdb9cee0d82cafd053,82,-806.8932,-794.2799,108.8684,0.663,7,11,6,0.001,0.99,0.995,64,10000
a39e8264f59c44bdb9cee0d82cafd053,83,-184.8523,-772.6788,118.3259,0.6597,4,15,5,0.001,0.99,0.995,64,10000
a39e8264f59c44bdb9cee0d82cafd053,84,-176.6049,-746.7064,100.1524,0.6564,8,13,3,0.001,0.99,0.995,64,10000
a39e8264f59c44bdb9cee0d82cafd053,85,-511.0605,-747.3766,87.3216,0.6531,6,13,5,0.001,0.99,0.995,64,10000
a39e8264f59c44bdb9cee0d82cafd053,86,-1301.0512,-756.5723,90.8856,0.6498,6,9,9,0.001,0.99,0.995,64,10000
a39e8264f59c44bdb9cee0d82cafd053,87,-44.6837,-741.5501,99.4015,0.6466,5,17,2,0.001,0.99,0.995,64,10000
a39e8264f59c44bdb9cee0d82cafd053,88,-474.6264,-756.1813,86.6334,0.6433,3,15,6,0.001,0.99,0.995,64,10000
a39e8264f59c44bdb9cee0d82cafd053,89,-796.6274,-746.4395,98.1912,0.6401,4,12,8,0.001,0.99,0.995,64,10000
a39e8264f59c44bdb9cee0d82cafd053,90,-492.6439,-745.7258,105.2363,0.6369,4,14,6,0.001,0.99,0.995,64,10000
a39e8264f59c44bdb9cee0d82cafd053,91,-805.278,-727.2524,94.2021,0.6337,4,13,7,0.001,0.99,0.995,64,10000
a39e8264f59c44bdb9cee0d82cafd053,92,-428.4647,-606.5519,86.1895,0.6306,6,14,4,0.001,0.99,0.995,64,10000
a39e8264f59c44bdb9cee0d82cafd053,93,-407.5413,-585.2313,87.3769,0.6274,7,13,4,0.001,0.99,0.995,64,10000
a39e8264f59c44bdb9cee0d82cafd053,94,-406.5672,-543.9068,93.8054,0.6243,4,15,5,0.001,0.99,0.995,64,10000
a39e8264f59c44bdb9cee0d82cafd053,95,-133.2978,-541.1872,80.5286,0.6211,3,16,5,0.001,0.99,0.995,64,10000
a39e8264f59c44bdb9cee0d82cafd053,96,-87.788,-522.5994,81.0482,0.618,5,16,3,0.001,0.99,0.995,64,10000
a39e8264f59c44bdb9cee0d82cafd053,97,-268.8494,-502.8177,92.3173,0.6149,5,15,4,0.001,0.99,0.995,64,10000
a39e8264f59c44bdb9cee0d82cafd053,98,-86.5705,-469.2213,83.456,0.6119,4,17,3,0.001,0.99,0.995,64,10000
a39e8264f59c44bdb9cee0d82cafd053,99,-319.3219,-483.8802,92.7495,0.6088,6,15,3,0.001,0.99,0.995,64,10000
a39e8264f59c44bdb9cee0d82cafd053,100,-335.1689,-494.7597,85.2397,0.6058,5,13,6,0.001,0.99,0.995,64,10000
a39e8264f59c44bdb9cee0d82cafd053,101,-1653.5181,-526.3484,472.4762,0.6027,6,11,7,0.001,0.99,0.995,64,10000
a39e8264f59c44bdb9cee0d82cafd053,102,-116.0719,-468.4515,261.1129,0.5997,4,17,3,0.001,0.99,0.995,64,10000
a39e8264f59c44bdb9cee0d82cafd053,103,-125.7328,-436.0153,169.4397,0.5967,5,16,3,0.001,0.99,0.995,64,10000
a39e8264f59c44bdb9cee0d82cafd053,104,-207.0732,-437.0734,189.8885,0.5937,3,16,5,0.001,0.99,0.995,64,10000
a39e8264f59c44bdb9cee0d82cafd053,105,-337.2121,-444.7214,170.4416,0.5908,3,14,7,0.001,0.99,0.995,64,10000
a39e8264f59c44bdb9cee0d82cafd053,106,-441.8364,-441.425,189.9221,0.5878,4,13,7,0.001,0.99,0.995,64,10000
a39e8264f59c44bdb9cee0d82cafd053,107,-105.0924,-384.4746,156.5859,0.5849,7,15,2,0.001,0.99,0.995,64,10000
a39e8264f59c44bdb9cee0d82cafd053,108,-512.5552,-406.7542,180.5433,0.582,7,13,4,0.001,0.99,0.995,64,10000
a39e8264f59c44bdb9cee0d82cafd053,109,-405.0454,-403.4408,139.9008,0.579,6,14,4,0.001,0.99,0.995,64,10000
a39e8264f59c44bdb9cee0d82cafd053,110,-667.3598,-397.2852,145.9132,0.5762,3,14,7,0.001,0.99,0.995,64,10000
a39e8264f59c44bdb9cee0d82cafd053,111,-813.7261,-412.5748,148.4588,0.5733,5,12,7,0.001,0.99,0.995,64,10000
a39e8264f59c44bdb9cee0d82cafd053,112,-692.9595,-407.2263,119.3276,0.5704,4,13,7,0.001,0.99,0.995,64,10000
a39e8264f59c44bdb9cee0d82cafd053,113,-215.1949,-397.0706,166.6319,0.5676,8,14,2,0.001,0.99,0.995,64,10000
a39e8264f59c44bdb9cee0d82cafd053,114,-961.836,-423.4656,148.8459,0.5647,4,13,7,0.001,0.99,0.995,64,10000
a39e8264f59c44bdb9cee0d82cafd053,115,-472.6621,-426.613,114.6372,0.5619,3,16,5,0.001,0.99,0.995,64,10000
a39e8264f59c44bdb9cee0d82cafd053,116,-458.7074,-442.1087,155.5606,0.5591,4,13,7,0.001,0.99,0.995,64,10000
a39e8264f59c44bdb9cee0d82cafd053,117,-288.045,-451.6447,121.4651,0.5563,6,13,5,0.001,0.99,0.995,64,10000
a39e8264f59c44bdb9cee0d82cafd053,118,-238.9826,-450.2225,142.1495,0.5535,6,13,5,0.001,0.99,0.995,64,10000
a39e8264f59c44bdb9cee0d82cafd053,119,-780.995,-483.2903,118.533,0.5507,4,11,9,0.001,0.99,0.995,64,10000
a39e8264f59c44bdb9cee0d82cafd053,120,-500.921,-491.9379,111.8519,0.548,9,11,4,0.001,0.99,0.995,64,10000
a39e8264f59c44bdb9cee0d82cafd053,121,-795.6511,-513.8656,117.3497,0.5452,7,12,5,0.001,0.99,0.995,64,10000
a39e8264f59c44bdb9cee0d82cafd053,122,-153.548,-442.4385,98.3749,0.5425,6,14,4,0.001,0.99,0.995,64,10000
a39e8264f59c44bdb9cee0d82cafd053,123,-307.0349,-451.532,103.8952,0.5398,5,15,4,0.001,0.99,0.995,64,10000
a39e8264f59c44bdb9cee0d82cafd053,124,-149.5099,-452.6642,113.37,0.5371,4,17,3,0.001,0.99,0.995,64,10000
a39e8264f59c44bdb9cee0d82cafd053,125,-48.9782,-445.1359,114.0303,0.5344,3,18,3,0.001,0.99,0.995,64,10000
a39e8264f59c44bdb9cee0d82cafd053,126,-432.648,-449.6804,113.4018,0.5318,2,17,5,0.001,0.99,0.995,64,10000
a39e8264f59c44bdb9cee0d82cafd053,127,-162.8144,-436.3937,110.083,0.5291,2,17,5,0.001,0.99,0.995,64,10000
a39e8264f59c44bdb9cee0d82cafd053,128,-38.4453,-433.22,102.5312,0.5264,3,18,3,0.001,0.99,0.995,64,10000
a39e8264f59c44bdb9cee0d82cafd053,129,-630.1621,-438.8203,124.5732,0.5238,3,15,6,0.001,0.99,0.995,64,10000
a39e8264f59c44bdb9cee0d82cafd053,130,-76.0398,-423.1534,125.1743,0.5212,6,15,3,0.001,0.99,0.995,64,10000
a39e8264f59c44bdb9cee0d82cafd053,131,-67.598,-394.5933,111.5971,0.5186,5,17,2,0.001,0.99,0.995,64,10000
a39e8264f59c44bdb9cee0d82cafd053,132,-625.821,-385.6454,108.5312,0.516,3,14,7,0.001,0.99,0.995,64,10000
a39e8264f59c44bdb9cee0d82cafd053,133,-245.291,-364.3279,117.1679,0.5134,3,17,4,0.001,0.99,0.995,64,10000
a39e8264f59c44bdb9cee0d82cafd053,134,-10.2348,-354.5679,103.415,0.5108,4,17,3,0.001,0.99,0.995,64,10000
a39e8264f59c44bdb9cee0d82cafd053,135,-154.454,-316.1211,102.3537,0.5083,4,16,4,0.001,0.99,0.995,64,10000
a39e8264f59c44bdb9cee0d82cafd053,136,-240.1456,-305.0489,108.3069,0.5058,4,14,6,0.001,0.99,0.995,64,10000
a39e8264f59c44bdb9cee0d82cafd053,137,-479.2574,-306.0275,101.3126,0.5032,5,14,5,0.001,0.99,0.995,64,10000
a39e8264f59c44bdb9cee0d82cafd053,138,-556.7696,-318.8239,101.4491,0.5007,6,13,5,0.001,0.99,0.995,64,10000
a39e8264f59c44bdb9cee0d82cafd053,139,-159.3552,-315.0321,109.5775,0.4982,4,16,4,0.001,0.99,0.995,64,10000
a39e8264f59c44bdb9cee0d82cafd053,140,-154.2113,-285.1853,99.7972,0.4957,3,16,5,0.001,0.99,0.995,64,10000
a39e8264f59c44bdb9cee0d82cafd053,141,-1102.9019,-313.851,106.9204,0.4932,4,12,8,0.001,0.99,0.995,64,10000
a39e8264f59c44bdb9cee0d82cafd053,142,-144.7961,-282.8579,104.6552,0.4908,6,15,3,0.001,0.99,0.995,64,10000
a39e8264f59c44bdb9cee0d82cafd053,143,-415.623,-295.3377,100.2528,0.4883,8,12,4,0.001,0.99,0.995,64,10000
a39e8264f59c44bdb9cee0d82cafd053,144,-121.4793,-286.5017,84.7855,0.4859,8,14,2,0.001,0.99,0.995,64,10000
a39e8264f59c44bdb9cee0d82cafd053,145,-521.2957,-304.2058,97.623,0.4834,2,16,6,0.001,0.99,0.995,64,10000
a39e8264f59c44bdb9cee0d82cafd053,146,-443.0202,-322.9697,95.6003,0.481,5,14,5,0.001,0.99,0.995,64,10000
a39e8264f59c44bdb9cee0d82cafd053,147,-176.6328,-310.7785,86.814,0.4786,8,15,1,0.001,0.99,0.995,64,10000
a39e8264f59c44bdb9cee0d82cafd053,148,-250.4392,-314.9511,109.5057,0.4762,6,14,4,0.001,0.99,0.995,64,10000
a39e8264f59c44bdb9cee0d82cafd053,149,-211.8503,-323.2085,87.8918,0.4738,3,16,5,0.001,0.99,0.995,64,10000
a39e8264f59c44bdb9cee0d82cafd053,150,-64.835,-296.2881,118.8711,0.4715,6,17,1,0.001,0.99,0.995,64,10000
a39e8264f59c44bdb9cee0d82cafd053,151,-676.8415,-324.8978,246.3356,0.4691,5,12,7,0.001,0.99,0.995,64,10000
a39e8264f59c44bdb9cee0d82cafd053,152,-398.9826,-340.678,144.6725,0.4668,1,15,8,0.001,0.99,0.995,64,10000
a39e8264f59c44bdb9cee0d82cafd053,153,-258.0924,-323.1671,171.306,0.4644,7,14,3,0.001,0.99,0.995,64,10000
a39e8264f59c44bdb9cee0d82cafd053,154,-46.1683,-313.6851,120.4697,0.4621,2,19,3,0.001,0.99,0.995,64,10000
a39e8264f59c44bdb9cee0d82cafd053,155,-205.8234,-322.9988,114.341,0.4598,4,16,4,0.001,0.99,0.995,64,10000
a39e8264f59c44bdb9cee0d82cafd053,156,-658.6941,-347.0102,137.3804,0.4575,5,13,6,0.001,0.99,0.995,64,10000
a39e8264f59c44bdb9cee0d82cafd053,157,-36.8004,-337.3271,151.4716,0.4552,4,17,3,0.001,0.99,0.995,64,10000
a39e8264f59c44bdb9cee0d82cafd053,158,-228.9104,-325.4058,125.19,0.4529,4,17,3,0.001,0.99,0.995,64,10000
a39e8264f59c44bdb9cee0d82cafd053,159,-199.8254,-308.4085,111.7473,0.4507,2,16,6,0.001,0.99,0.995,64,10000
a39e8264f59c44bdb9cee0d82cafd053,160,-46.0902,-303.0149,114.7467,0.4484,4,17,3,0.001,0.99,0.995,64,10000
a39e8264f59c44bdb9cee0d82cafd053,161,-29.2353,-297.0637,122.4592,0.4462,1,20,3,0.001,0.99,0.995,64,10000
a39e8264f59c44bdb9cee0d82cafd053,162,-489.3779,-267.8483,105.1852,0.444,3,15,6,0.001,0.99,0.995,64,10000
a39e8264f59c44bdb9cee0d82cafd053,163,-157.6196,-268.4589,129.2445,0.4417,7,15,2,0.001,0.99,0.995,64,10000
a39e8264f59c44bdb9cee0d82cafd053,164,-126.2011,-254.6769,98.9421,0.4395,2,16,6,0.001,0.99,0.995,64,10000
a39e8264f59c44bdb9cee0d82cafd053,165,-50.2783,-251.2864,121.457,0.4373,2,17,5,0.001,0.99,0.995,64,10000
a39e8264f59c44bdb9cee0d82cafd053,166,-216.3421,-236.7648,100.3149,0.4351,6,16,2,0.001,0.99,0.995,64,10000
a39e8264f59c44bdb9cee0d82cafd053,167,-131.9146,-221.9502,99.567,0.433,4,17,3,0.001,0.99,0.995,64,10000
a39e8264f59c44bdb9cee0d82cafd053,168,-15.0294,-214.2548,121.7756,0.4308,3,19,2,0.001,0.99,0.995,64,10000
a39e8264f59c44bdb9cee0d82cafd053,169,-18.2794,-203.1996,97.8906,0.4286,1,19,4,0.001,0.99,0.995,64,10000
a39e8264f59c44bdb9cee0d82cafd053,170,-251.8525,-205.1045,102.6162,0.4265,7,14,3,0.001,0.99,0.995,64,10000
a39e8264f59c44bdb9cee0d82cafd053,171,-412.9374,-221.6808,102.4792,0.4244,3,15,6,0.001,0.99,0.995,64,10000
a39e8264f59c44bdb9cee0d82cafd053,172,-305.746,-204.0096,99.9204,0.4223,4,15,5,0.001,0.99,0.995,64,10000
a39e8264f59c44bdb9cee0d82cafd053,173,-215.2907,-195.2623,104.8084,0.4201,5,16,3,0.001,0.99,0.995,64,10000
a39e8264f59c44bdb9cee0d82cafd053,174,-24.7721,-184.1518,104.2942,0.418,6,16,2,0.001,0.99,0.995,64,10000
a39e8264f59c44bdb9cee0d82cafd053,175,-607.1915,-210.8672,106.859,0.4159,5,13,6,0.001,0.99,0.995,64,10000
a39e8264f59c44bdb9cee0d82cafd053,176,-85.003,-205.1139,119.2729,0.4139,2,17,5,0.001,0.99,0.995,64,10000
a39e8264f59c44bdb9cee0d82cafd053,177,-41.5158,-175.7244,106.8255,0.4118,5,17,2,0.001,0.99,0.995,64,10000
a39e8264f59c44bdb9cee0d82cafd053,178,-112.1069,-179.3105,127.0564,0.4097,3,18,3,0.001,0.99,0.995,64,10000
a39e8264f59c44bdb9cee0d82cafd053,179,-8.7735,-168.8277,91.7292,0.4077,2,19,3,0.001,0.99,0.995,64,10000
a39e8264f59c44bdb9cee0d82cafd053,180,-587.9146,-187.3082,116.3209,0.4057,3,14,7,0.001,0.99,0.995,64,10000
a39e8264f59c44bdb9cee0d82cafd053,181,-80.1653,-188.9308,89.0485,0.4036,2,17,5,0.001,0.99,0.995,64,10000
a39e8264f59c44bdb9cee0d82cafd053,182,-97.5147,-192.1822,99.0972,0.4016,3,18,3,0.001,0.99,0.995,64,10000
a39e8264f59c44bdb9cee0d82cafd053,183,-7.0596,-169.2147,109.2333,0.3996,2,19,3,0.001,0.99,0.995,64,10000
a39e8264f59c44bdb9cee0d82cafd053,184,-42.7113,-163.7428,97.6543,0.3976,3,17,4,0.001,0.99,0.995,64,10000
a39e8264f59c44bdb9cee0d82cafd053,185,-29.14,-159.1209,113.5329,0.3956,3,18,3,0.001,0.99,0.995,64,10000
a39e8264f59c44bdb9cee0d82cafd053,186,-7.0634,-157.063,117.5022,0.3936,2,20,2,0.001,0.99,0.995,64,10000
a39e8264f59c44bdb9cee0d82cafd053,187,-205.6728,-156.555,106.2117,0.3917,7,14,3,0.001,0.99,0.995,64,10000
a39e8264f59c44bdb9cee0d82cafd053,188,-154.6,-157.6352,108.2328,0.3897,4,17,3,0.001,0.99,0.995,64,10000
a39e8264f59c44bdb9cee0d82cafd053,189,-65.5991,-160.0433,93.3303,0.3878,3,17,4,0.001,0.99,0.995,64,10000
a39e8264f59c44bdb9cee0d82cafd053,190,-149.6571,-166.2994,82.2073,0.3858,4,16,4,0.001,0.99,0.995,64,10000
a39e8264f59c44bdb9cee0d82cafd053,191,-375.4345,-172.1842,99.8142,0.3839,6,13,5,0.001,0.99,0.995,64,10000
a39e8264f59c44bdb9cee0d82cafd053,192,-223.1922,-163.1488,100.9268,0.382,8,13,3,0.001,0.99,0.995,64,10000
a39e8264f59c44bdb9cee0d82cafd053,193,-252.9185,-160.6332,87.5586,0.3801,2,17,5,0.001,0.99,0.995,64,10000
a39e8264f59c44bdb9cee0d82cafd053,194,-162.8325,-158.1352,107.292,0.3782,6,16,2,0.001,0.99,0.995,64,10000
a39e8264f59c44bdb9cee0d82cafd053,195,-76.5984,-160.6031,99.0954,0.3763,4,16,4,0.001,0.99,0.995,64,10000
a39e8264f59c44bdb9cee0d82cafd053,196,-30.1312,-133.124,110.6407,0.3744,4,18,2,0.001,0.99,0.995,64,10000
a39e8264f59c44bdb9cee0d82cafd053,197,-11.6338,-129.6303,87.2455,0.3725,2,20,2,0.001,0.99,0.995,64,10000
a39e8264f59c44bdb9cee0d82cafd053,198,-418.1186,-147.5637,100.8322,0.3707,1,15,8,0.001,0.99,0.995,64,10000
a39e8264f59c44bdb9cee0d82cafd053,199,-41.6337,-144.2078,80.9733,0.3688,2,19,3,0.001,0.99,0.995,64,10000
a39e8264f59c44bdb9cee0d82cafd053,200,-63.4005,-146.8091,83.4062,0.367,7,16,1,0.001,0.99,0.995,64,10000
a39e8264f59c44bdb9cee0d82cafd053,201,-440.4496,-139.787,120.5599,0.3651,6,13,5,0.001,0.99,0.995,64,10000
a39e8264f59c44bdb9cee0d82cafd053,202,-117.5051,-141.5651,99.1632,0.3633,1,17,6,0.001,0.99,0.995,64,10000
a39e8264f59c44bdb9cee0d82cafd053,203,-22.1291,-137.9753,104.3047,0.3615,3,18,3,0.001,0.99,0.995,64,10000
a39e8264f59c44bdb9cee0d82cafd053,204,-319.4915,-152.853,108.1633,0.3597,1,16,7,0.001,0.99,0.995,64,10000
a39e8264f59c44bdb9cee0d82cafd053,205,-6.514,-151.1293,122.7572,0.3579,3,19,2,0.001,0.99,0.995,64,10000
a39e8264f59c44bdb9cee0d82cafd053,206,-79.809,-153.5421,131.2658,0.3561,4,18,2,0.001,0.99,0.995,64,10000
a39e8264f59c44bdb9cee0d82cafd053,207,-23.3663,-154.3185,141.1473,0.3543,1,20,3,0.001,0.99,0.995,64,10000
a39e8264f59c44bdb9cee0d82cafd053,208,-280.1283,-157.864,122.6114,0.3525,5,16,3,0.001,0.99,0.995,64,10000
a39e8264f59c44bdb9cee0d82cafd053,209,-171.9125,-158.6884,102.0859,0.3508,5,16,3,0.001,0.99,0.995,64,10000
a39e8264f59c44bdb9cee0d82cafd053,210,-153.2578,-162.8626,90.8026,0.349,3,17,4,0.001,0.99,0.995,64,10000
a39e8264f59c44bdb9cee0d82cafd053,211,-8.2225,-156.1276,115.8909,0.3473,1,20,3,0.001,0.99,0.995,64,10000
a39e8264f59c44bdb9cee0d82cafd053,212,-8.2387,-138.6421,86.023,0.3455,1,19,4,0.001,0.99,0.995,64,10000
a39e8264f59c44bdb9cee0d82cafd053,213,-291.0972,-141.8757,111.5662,0.3438,4,16,4,0.001,0.99,0.995,64,10000
a39e8264f59c44bdb9cee0d82cafd053,214,-81.3364,-133.7051,98.6461,0.3421,2,19,3,0.001,0.99,0.995,64,10000
a39e8264f59c44bdb9cee0d82cafd053,215,-47.8985,-128.232,107.0532,0.3404,2,19,3,0.001,0.99,0.995,64,10000
a39e8264f59c44bdb9cee0d82cafd053,216,-94.044,-129.0628,101.346,0.3387,3,18,3,0.001,0.99,0.995,64,10000
a39e8264f59c44bdb9cee0d82cafd053,217,-315.6158,-142.6573,98.1562,0.337,1,17,6,0.001,0.99,0.995,64,10000
a39e8264f59c44bdb9cee0d82cafd053,218,-269.8712,-154.9543,95.321,0.3353,2,16,6,0.001,0.99,0.995,64,10000
a39e8264f59c44bdb9cee0d82cafd053,219,-21.9362,-136.0885,102.7744,0.3336,3,18,3,0.001,0.99,0.995,64,10000
a39e8264f59c44bdb9cee0d82cafd053,220,-13.8635,-134.7661,106.5731,0.332,1,21,2,0.001,0.99,0.995,64,10000
a39e8264f59c44bdb9cee0d82cafd053,221,-37.7951,-133.5468,77.6272,0.3303,3,18,3,0.001,0.99,0.995,64,10000
a39e8264f59c44bdb9cee0d82cafd053,222,-25.5857,-113.7914,92.8407,0.3286,2,20,2,0.001,0.99,0.995,64,10000
a39e8264f59c44bdb9cee0d82cafd053,223,-17.0424,-109.0074,75.271,0.327,2,19,3,0.001,0.99,0.995,64,10000
a39e8264f59c44bdb9cee0d82cafd053,224,-27.6777,-109.2716,105.1173,0.3254,4,18,2,0.001,0.99,0.995,64,10000
a39e8264f59c44bdb9cee0d82cafd053,225,-24.1886,-95.2096,129.7059,0.3237,4,18,2,0.001,0.99,0.995,64,10000
a39e8264f59c44bdb9cee0d82cafd053,226,-113.8711,-100.3218,96.2237,0.3221,2,18,4,0.001,0.99,0.995,64,10000
a39e8264f59c44bdb9cee0d82cafd053,227,-6.6214,-96.8367,96.5596,0.3205,3,20,1,0.001,0.99,0.995,64,10000
a39e8264f59c44bdb9cee0d82cafd053,228,-28.572,-97.0846,91.8456,0.3189,3,17,4,0.001,0.99,0.995,64,10000
a39e8264f59c44bdb9cee0d82cafd053,229,-14.2535,-84.4239,98.571,0.3173,0,22,2,0.001,0.99,0.995,64,10000
a39e8264f59c44bdb9cee0d82cafd053,230,-40.3768,-78.1603,79.3011,0.3157,4,18,2,0.001,0.99,0.995,64,10000
a39e8264f59c44bdb9cee0d82cafd053,231,-14.3718,-71.5467,102.5234,0.3141,4,18,2,0.001,0.99,0.995,64,10000
a39e8264f59c44bdb9cee0d82cafd053,232,-72.0799,-74.5875,95.8377,0.3126,2,18,4,0.001,0.99,0.995,64,10000
a39e8264f59c44bdb9cee0d82cafd053,233,-21.2507,-75.2071,70.2079,0.311,4,18,2,0.001,0.99,0.995,64,10000
a39e8264f59c44bdb9cee0d82cafd053,234,-20.7049,-62.3313,107.9465,0.3095,4,19,1,0.001,0.99,0.995,64,10000
a39e8264f59c44bdb9cee0d82cafd053,235,-24.1316,-59.6073,85.8829,0.3079,2,20,2,0.001,0.99,0.995,64,10000
a39e8264f59c44bdb9cee0d82cafd053,236,-24.0175,-58.4701,79.2094,0.3064,2,20,2,0.001,0.99,0.995,64,10000
a39e8264f59c44bdb9cee0d82cafd053,237,-6.8389,-54.3174,84.8702,0.3048,3,19,2,0.001,0.99,0.995,64,10000
a39e8264f59c44bdb9cee0d82cafd053,238,-8.9026,-39.7121,80.4171,0.3033,1,22,1,0.001,0.99,0.995,64,10000
a39e8264f59c44bdb9cee0d82cafd053,239,-177.4975,-35.3133,79.4844,0.3018,3,17,4,0.001,0.99,0.995,64,10000
a39e8264f59c44bdb9cee0d82cafd053,240,-119.3563,-39.9524,87.0342,0.3003,5,15,4,0.001,0.99,0.995,64,10000
a39e8264f59c44bdb9cee0d82cafd053,241,-129.1345,-45.4415,84.7695,0.2988,2,19,3,0.001,0.99,0.995,64,10000
a39e8264f59c44bdb9cee0d82cafd053,242,-23.8828,-44.779,84.7531,0.2973,3,19,2,0.001,0.99,0.995,64,10000
a39e8264f59c44bdb9cee0d82cafd053,243,-47.5475,-45.8248,92.1252,0.2958,2,19,3,0.001,0.99,0.995,64,10000
a39e8264f59c44bdb9cee0d82cafd053,244,-18.7321,-45.9052,84.2685,0.2943,3,18,3,0.001,0.99,0.995,64,10000
a39e8264f59c44bdb9cee0d82cafd053,245,-21.2701,-45.6001,77.103,0.2929,2,19,3,0.001,0.99,0.995,64,10000
a39e8264f59c44bdb9cee0d82cafd053,246,-61.5481,-47.3791,78.5159,0.2914,1,19,4,0.001,0.99,0.995,64,10000
a39e8264f59c44bdb9cee0d82cafd053,247,-7.032,-42.2916,87.0339,0.2899,4,20,0,0.001,0.99,0.995,64,10000
a39e8264f59c44bdb9cee0d82cafd053,248,-11.6678,-42.5319,82.9166,0.2885,5,17,2,0.001,0.99,0.995,64,10000
a39e8264f59c44bdb9cee0d82cafd053,249,-23.323,-42.2819,90.7213,0.287,5,18,1,0.001,0.99,0.995,64,10000
a39e8264f59c44bdb9cee0d82cafd053,250,-23.6265,-42.7282,76.9038,0.2856,4,18,2,0.001,0.99,0.995,64,10000
a39e8264f59c44bdb9cee0d82cafd053,251,-102.9154,-45.7063,78.2086,0.2842,5,15,4,0.001,0.99,0.995,64,10000
a39e8264f59c44bdb9cee0d82cafd053,252,-83.8315,-49.0139,79.8903,0.2828,3,19,2,0.001,0.99,0.995,64,10000
a39e8264f59c44bdb9cee0d82cafd053,253,-13.4503,-46.222,100.438,0.2813,4,19,1,0.001,0.99,0.995,64,10000
a39e8264f59c44bdb9cee0d82cafd053,254,-53.281,-47.7472,109.5367,0.2799,3,19,2,0.001,0.99,0.995,64,10000
a39e8264f59c44bdb9cee0d82cafd053,255,-42.9394,-48.806,82.7152,0.2785,1,19,4,0.001,0.99,0.995,64,10000
a39e8264f59c44bdb9cee0d82cafd053,256,-86.6791,-51.7845,90.8129,0.2771,1,19,4,0.001,0.99,0.995,64,10000
a39e8264f59c44bdb9cee0d82cafd053,257,-207.3758,-60.5158,73.2277,0.2758,3,17,4,0.001,0.99,0.995,64,10000
a39e8264f59c44bdb9cee0d82cafd053,258,-19.2588,-61.1072,85.019,0.2744,4,18,2,0.001,0.99,0.995,64,10000
a39e8264f59c44bdb9cee0d82cafd053,259,-27.492,-61.9924,108.408,0.273,3,18,3,0.001,0.99,0.995,64,10000
a39e8264f59c44bdb9cee0d82cafd053,260,-10.9286,-54.0606,94.6053,0.2716,3,19,2,0.001,0.99,0.995,64,10000
a39e8264f59c44bdb9cee0d82cafd053,261,-11.0737,-48.9043,88.1022,0.2703,5,18,1,0.001,0.99,0.995,64,10000
a39e8264f59c44bdb9cee0d82cafd053,262,-38.5271,-44.5896,80.6529,0.2689,2,19,3,0.001,0.99,0.995,64,10000
a39e8264f59c44bdb9cee0d82cafd053,263,-93.687,-47.9137,73.0136,0.2676,3,19,2,0.001,0.99,0.995,64,10000
a39e8264f59c44bdb9cee0d82cafd053,264,-5.9651,-45.9335,77.5215,0.2663,5,18,1,0.001,0.99,0.995,64,10000
a39e8264f59c44bdb9cee0d82cafd053,265,-306.0461,-59.6152,76.2078,0.2649,4,17,3,0.001,0.99,0.995,64,10000
a39e8264f59c44bdb9cee0d82cafd053,266,-132.2493,-64.8999,84.3671,0.2636,3,18,3,0.001,0.99,0.995,64,10000
a39e8264f59c44bdb9cee0d82cafd053,267,-256.2347,-74.1707,94.5378,0.2623,7,14,3,0.001,0.99,0.995,64,10000
a39e8264f59c44bdb9cee0d82cafd053,268,-26.301,-75.0882,80.2974,0.261,3,18,3,0.001,0.99,0.995,64,10000
a39e8264f59c44bdb9cee0d82cafd053,269,-87.7514,-78.7113,99.9743,0.2597,4,19,1,0.001,0.99,0.995,64,10000
a39e8264f59c44bdb9cee0d82cafd053,270,-461.7945,-99.5909,70.7907,0.2584,4,14,6,0.001,0.99,0.995,64,10000
a39e8264f59c44bdb9cee0d82cafd053,271,-122.1644,-104.2831,100.7675,0.2571,3,18,3,0.001,0.99,0.995,64,10000
a39e8264f59c44bdb9cee0d82cafd053,272,-28.6905,-100.7486,78.7444,0.2558,4,18,2,0.001,0.99,0.995,64,10000
a39e8264f59c44bdb9cee0d82cafd053,273,-94.0744,-101.2364,94.4902,0.2545,3,17,4,0.001,0.99,0.995,64,10000
a39e8264f59c44bdb9cee0d82cafd053,274,-101.0596,-105.4083,68.1066,0.2532,4,18,2,0.001,0.99,0.995,64,10000
a39e8264f59c44bdb9cee0d82cafd053,275,-6.3612,-103.174,101.7146,0.252,4,19,1,0.001,0.99,0.995,64,10000
a39e8264f59c44bdb9cee0d82cafd053,276,-10.6105,-101.6345,72.7155,0.2507,2,19,3,0.001,0.99,0.995,64,10000
a39e8264f59c44bdb9cee0d82cafd053,277,-7.0046,-97.8405,80.5194,0.2495,4,19,1,0.001,0.99,0.995,64,10000
a39e8264f59c44bdb9cee0d82cafd053,278,-12.0624,-88.5399,66.246,0.2482,4,18,2,0.001,0.99,0.995,64,10000
a39e8264f59c44bdb9cee0d82cafd053,279,-106.534,-92.6958,76.2311,0.247,3,17,4,0.001,0.99,0.995,64,10000
a39e8264f59c44bdb9cee0d82cafd053,280,-28.9046,-92.7631,84.1799,0.2457,5,18,1,0.001,0.99,0.995,64,10000
a39e8264f59c44bdb9cee0d82cafd053,281,-114.1997,-97.6807,76.2798,0.2445,5,16,3,0.001,0.99,0.995,64,10000
a39e8264f59c44bdb9cee0d82cafd053,282,-10.3552,-97.6465,81.5766,0.2433,4,19,1,0.001,0.99,0.995,64,10000
a39e8264f59c44bdb9cee0d82cafd053,283,-121.3775,-101.5918,69.4513,0.2421,5,17,2,0.001,0.99,0.995,64,10000
a39e8264f59c44bdb9cee0d82cafd053,284,-20.0578,-98.0856,61.545,0.2409,0,20,4,0.001,0.99,0.995,64,10000
a39e8264f59c44bdb9cee0d82cafd053,285,-6.6954,-98.1204,76.1903,0.2397,4,20,0,0.001,0.99,0.995,64,10000
a39e8264f59c44bdb9cee0d82cafd053,286,-86.9742,-87.6884,86.8802,0.2385,3,19,2,0.001,0.99,0.995,64,10000
a39e8264f59c44bdb9cee0d82cafd053,287,-115.7597,-86.9032,85.6532,0.2373,3,18,3,0.001,0.99,0.995,64,10000
a39e8264f59c44bdb9cee0d82cafd053,288,-28.2357,-76.0461,67.3479,0.2361,2,19,3,0.001,0.99,0.995,64,10000
a39e8264f59c44bdb9cee0d82cafd053,289,-183.8498,-83.5484,83.8689,0.2349,1,18,5,0.001,0.99,0.995,64,10000
a39e8264f59c44bdb9cee0d82cafd053,290,-23.2665,-80.4777,95.6731,0.2337,2,20,2,0.001,0.99,0.995,64,10000
a39e8264f59c44bdb9cee0d82cafd053,291,-9.0775,-58.9198,77.5051,0.2326,3,20,1,0.001,0.99,0.995,64,10000
a39e8264f59c44bdb9cee0d82cafd053,292,-15.9733,-53.8631,71.7778,0.2314,2,19,3,0.001,0.99,0.995,64,10000
a39e8264f59c44bdb9cee0d82cafd053,293,-25.9255,-53.7314,66.5579,0.2302,4,18,2,0.001,0.99,0.995,64,10000
a39e8264f59c44bdb9cee0d82cafd053,294,-11.1863,-49.7843,87.8517,0.2291,4,18,2,0.001,0.99,0.995,64,10000
a39e8264f59c44bdb9cee0d82cafd053,295,-25.5584,-46.189,81.3824,0.2279,3,19,2,0.001,0.99,0.995,64,10000
a39e8264f59c44bdb9cee0d82cafd053,296,-6.0252,-46.173,71.7519,0.2268,4,19,1,0.001,0.99,0.995,64,10000
a39e8264f59c44bdb9cee0d82cafd053,297,-25.8973,-46.901,69.1756,0.2257,3,20,1,0.001,0.99,0.995,64,10000
a39e8264f59c44bdb9cee0d82cafd053,298,-187.9091,-55.5155,71.9255,0.2245,3,17,4,0.001,0.99,0.995,64,10000
a39e8264f59c44bdb9cee0d82cafd053,299,-42.7674,-56.9776,92.6461,0.2234,2,19,3,0.001,0.99,0.995,64,10000
a39e8264f59c44bdb9cee0d82cafd053,300,-16.9778,-52.713,88.4342,0.2223,2,20,2,0.001,0.99,0.995,64,10000
a39e8264f59c44bdb9cee0d82cafd053,301,-6.9044,-51.6654,73.6793,0.2212,2,21,1,0.001,0.99,0.995,64,10000
a39e8264f59c44bdb9cee0d82cafd053,302,-24.534,-47.3956,74.7324,0.2201,3,20,1,0.001,0.99,0.995,64,10000
a39e8264f59c44bdb9cee0d82cafd053,303,-7.381,-47.254,67.3984,0.219,2,19,3,0.001,0.99,0.995,64,10000
a39e8264f59c44bdb9cee0d82cafd053,304,-9.8545,-41.9434,77.0223,0.2179,0,21,3,0.001,0.99,0.995,64,10000
a39e8264f59c44bdb9cee0d82cafd053,305,-53.0241,-43.5132,63.305,0.2168,3,18,3,0.001,0.99,0.995,64,10000
a39e8264f59c44bdb9cee0d82cafd053,306,-8.9099,-43.6186,78.2335,0.2157,4,20,0,0.001,0.99,0.995,64,10000
a39e8264f59c44bdb9cee0d82cafd053,307,-13.3539,-40.1129,74.455,0.2146,4,19,1,0.001,0.99,0.995,64,10000
a39e8264f59c44bdb9cee0d82cafd053,308,-6.2649,-34.8989,75.1388,0.2136,4,19,1,0.001,0.99,0.995,64,10000
a39e8264f59c44bdb9cee0d82cafd053,309,-28.4974,-34.9113,59.6765,0.2125,4,18,2,0.001,0.99,0.995,64,10000
a39e8264f59c44bdb9cee0d82cafd053,310,-8.5879,-26.5655,66.7967,0.2114,1,20,3,0.001,0.99,0.995,64,10000
a39e8264f59c44bdb9cee0d82cafd053,311,-36.1201,-27.1776,66.3896,0.2104,2,20,2,0.001,0.99,0.995,64,10000
a39e8264f59c44bdb9cee0d82cafd053,312,-41.191,-28.7068,70.9978,0.2093,4,17,3,0.001,0.99,0.995,64,10000
a39e8264f59c44bdb9cee0d82cafd053,313,-7.5884,-28.3075,63.2122,0.2083,1,21,2,0.001,0.99,0.995,64,10000
a39e8264f59c44bdb9cee0d82cafd053,314,-28.0375,-28.4081,68.5052,0.2072,2,19,3,0.001,0.99,0.995,64,10000
a39e8264f59c44bdb9cee0d82cafd053,315,-25.2872,-29.0796,87.8813,0.2062,5,18,1,0.001,0.99,0.995,64,10000
a39e8264f59c44bdb9cee0d82cafd053,316,-25.6823,-29.0855,65.7078,0.2052,1,19,4,0.001,0.99,0.995,64,10000
a39e8264f59c44bdb9cee0d82cafd053,317,-17.3246,-29.6236,63.0448,0.2041,3,19,2,0.001,0.99,0.995,64,10000
a39e8264f59c44bdb9cee0d82cafd053,318,-17.398,-29.2188,59.898,0.2031,1,21,2,0.001,0.99,0.995,64,10000
a39e8264f59c44bdb9cee0d82cafd053,319,-107.9807,-25.4127,64.0655,0.2021,5,16,3,0.001,0.99,0.995,64,10000
a39e8264f59c44bdb9cee0d82cafd053,320,-101.3918,-28.2044,67.347,0.2011,5,16,3,0.001,0.99,0.995,64,10000
a39e8264f59c44bdb9cee0d82cafd053,321,-107.1625,-32.4989,73.6716,0.2001,2,19,3,0.001,0.99,0.995,64,10000
a39e8264f59c44bdb9cee0d82cafd053,322,-62.0246,-35.1236,73.8757,0.1991,2,19,3,0.001,0.99,0.995,64,10000
a39e8264f59c44bdb9cee0d82cafd053,323,-6.2371,-34.2524,70.7683,0.1981,4,19,1,0.001,0.99,0.995,64,10000
a39e8264f59c44bdb9cee0d82cafd053,324,-82.9494,-37.8509,93.2485,0.1971,3,17,4,0.001,0.99,0.995,64,10000
a39e8264f59c44bdb9cee0d82cafd053,325,-43.6578,-39.4605,70.8201,0.1961,4,18,2,0.001,0.99,0.995,64,10000
a39e8264f59c44bdb9cee0d82cafd053,326,-62.0813,-39.8918,62.0539,0.1951,2,19,3,0.001,0.99,0.995,64,10000
a39e8264f59c44bdb9cee0d82cafd053,327,-44.001,-41.5628,63.367,0.1942,4,18,2,0.001,0.99,0.995,64,10000
a39e8264f59c44bdb9cee0d82cafd053,328,-22.8411,-42.0146,60.2507,0.1932,4,18,2,0.001,0.99,0.995,64,10000
a39e8264f59c44bdb9cee0d82cafd053,329,-6.0027,-42.0021,83.4422,0.1922,4,20,0,0.001,0.99,0.995,64,10000
a39e8264f59c44bdb9cee0d82cafd053,330,-16.4098,-41.4265,67.2778,0.1913,6,17,1,0.001,0.99,0.995,64,10000
a39e8264f59c44bdb9cee0d82cafd053,331,-27.9696,-42.3495,63.3225,0.1903,5,17,2,0.001,0.99,0.995,64,10000
a39e8264f59c44bdb9cee0d82cafd053,332,-13.6697,-41.2804,63.1743,0.1893,4,18,2,0.001,0.99,0.995,64,10000
a39e8264f59c44bdb9cee0d82cafd053,333,-6.6469,-39.6354,63.2616,0.1884,2,20,2,0.001,0.99,0.995,64,10000
a39e8264f59c44bdb9cee0d82cafd053,334,-21.4392,-40.295,71.5471,0.1875,1,21,2,0.001,0.99,0.995,64,10000
a39e8264f59c44bdb9cee0d82cafd053,335,-69.913,-42.2891,55.146,0.1865,4,18,2,0.001,0.99,0.995,64,10000
a39e8264f59c44bdb9cee0d82cafd053,336,-15.2249,-41.8099,59.0753,0.1856,1,20,3,0.001,0.99,0.995,64,10000
a39e8264f59c44bdb9cee0d82cafd053,337,-7.4681,-40.9426,57.1834,0.1847,7,17,0,0.001,0.99,0.995,64,10000
a39e8264f59c44bdb9cee0d82cafd053,338,-7.7964,-40.4888,59.6078,0.1837,2,21,1,0.001,0.99,0.995,64,10000
a39e8264f59c44bdb9cee0d82cafd053,339,-9.9912,-40.1361,62.0158,0.1828,2,20,2,0.001,0.99,0.995,64,10000
a39e8264f59c44bdb9cee0d82cafd053,340,-16.8487,-35.7965,66.1263,0.1819,2,20,2,0.001,0.99,0.995,64,10000
a39e8264f59c44bdb9cee0d82cafd053,341,-26.9812,-32.2531,70.8595,0.181,4,18,2,0.001,0.99,0.995,64,10000
a39e8264f59c44bdb9cee0d82cafd053,342,-64.7725,-30.2346,58.5809,0.1801,2,19,3,0.001,0.99,0.995,64,10000
a39e8264f59c44bdb9cee0d82cafd053,343,-75.521,-30.8773,74.1534,0.1792,0,20,4,0.001,0.99,0.995,64,10000
a39e8264f59c44bdb9cee0d82cafd053,344,-11.3153,-31.1191,64.237,0.1783,2,20,2,0.001,0.99,0.995,64,10000
a39e8264f59c44bdb9cee0d82cafd053,345,-7.3556,-27.5194,60.4201,0.1774,3,20,1,0.001,0.99,0.995,64,10000
a39e8264f59c44bdb9cee0d82cafd053,346,-43.2392,-27.4994,56.0374,0.1765,2,20,2,0.001,0.99,0.995,64,10000
a39e8264f59c44bdb9cee0d82cafd053,347,-10.5038,-25.0434,61.6827,0.1756,2,22,0,0.001,0.99,0.995,64,10000
a39e8264f59c44bdb9cee0d82cafd053,348,-31.5007,-24.4481,55.986,0.1748,2,20,2,0.001,0.99,0.995,64,10000
a39e8264f59c44bdb9cee0d82cafd053,349,-8.036,-23.7431,67.7407,0.1739,4,19,1,0.001,0.99,0.995,64,10000
a39e8264f59c44bdb9cee0d82cafd053,350,-170.072,-31.5559,63.1332,0.173,3,17,4,0.001,0.99,0.995,64,10000
a39e8264f59c44bdb9cee0d82cafd053,351,-198.2491,-40.215,60.6405,0.1721,4,16,4,0.001,0.99,0.995,64,10000
a39e8264f59c44bdb9cee0d82cafd053,352,-44.66,-41.0097,63.7677,0.1713,1,20,3,0.001,0.99,0.995,64,10000
a39e8264f59c44bdb9cee0d82cafd053,353,-7.2025,-40.7018,65.7874,0.1704,4,19,1,0.001,0.99,0.995,64,10000
a39e8264f59c44bdb9cee0d82cafd053,354,-120.0218,-46.1006,69.1719,0.1696,6,16,2,0.001,0.99,0.995,64,10000
a39e8264f59c44bdb9cee0d82cafd053,355,-12.7174,-45.6853,59.9452,0.1687,5,18,1,0.001,0.99,0.995,64,10000
a39e8264f59c44bdb9cee0d82cafd053,356,-91.6515,-46.7204,66.3403,0.1679,2,19,3,0.001,0.99,0.995,64,10000
a39e8264f59c44bdb9cee0d82cafd053,357,-10.4236,-46.4918,65.4073,0.167,4,18,2,0.001,0.99,0.995,64,10000
a39e8264f59c44bdb9cee0d82cafd053,358,-26.8819,-47.4163,65.4907,0.1662,3,19,2,0.001,0.99,0.995,64,10000
a39e8264f59c44bdb9cee0d82cafd053,359,-9.2655,-47.4862,59.7205,0.1654,4,20,0,0.001,0.99,0.995,64,10000
a39e8264f59c44bdb9cee0d82cafd053,360,-8.7673,-47.4279,74.4925,0.1646,2,20,2,0.001,0.99,0.995,64,10000
a39e8264f59c44bdb9cee0d82cafd053,361,-11.5503,-47.1756,54.8145,0.1637,3,19,2,0.001,0.99,0.995,64,10000
a39e8264f59c44bdb9cee0d82cafd053,362,-23.4493,-47.0074,61.0301,0.1629,5,18,1,0.001,0.99,0.995,64,10000
a39e8264f59c44bdb9cee0d82cafd053,363,-19.0072,-44.8281,63.3351,0.1621,2,21,1,0.001,0.99,0.995,64,10000
a39e8264f59c44bdb9cee0d82cafd053,364,-8.1286,-41.619,42.2277,0.1613,3,20,1,0.001,0.99,0.995,64,10000
a39e8264f59c44bdb9cee0d82cafd053,365,-21.6657,-42.1119,38.6051,0.1605,3,20,1,0.001,0.99,0.995,64,10000
a39e8264f59c44bdb9cee0d82cafd053,366,-21.6232,-42.7913,62.811,0.1597,4,18,2,0.001,0.99,0.995,64,10000
a39e8264f59c44bdb9cee0d82cafd053,367,-27.2816,-42.0314,51.0715,0.1589,3,20,1,0.001,0.99,0.995,64,10000
a39e8264f59c44bdb9cee0d82cafd053,368,-20.3043,-42.4981,49.6638,0.1581,2,19,3,0.001,0.99,0.995,64,10000
a39e8264f59c44bdb9cee0d82cafd053,369,-10.252,-41.4862,48.2991,0.1573,4,20,0,0.001,0.99,0.995,64,10000
a39e8264f59c44bdb9cee0d82cafd053,370,-25.6487,-42.3249,61.4542,0.1565,3,19,2,0.001,0.99,0.995,64,10000
a39e8264f59c44bdb9cee0d82cafd053,371,-52.1803,-36.711,68.2297,0.1557,2,19,3,0.001,0.99,0.995,64,10000
a39e8264f59c44bdb9cee0d82cafd053,372,-14.5425,-27.9631,61.0279,0.1549,3,18,3,0.001,0.99,0.995,64,10000
a39e8264f59c44bdb9cee0d82cafd053,373,-6.1535,-26.1295,65.5878,0.1542,5,19,0,0.001,0.99,0.995,64,10000
a39e8264f59c44bdb9cee0d82cafd053,374,-18.0701,-26.647,71.6595,0.1534,3,18,3,0.001,0.99,0.995,64,10000
a39e8264f59c44bdb9cee0d82cafd053,375,-6.4096,-21.2369,48.3795,0.1526,4,19,1,0.001,0.99,0.995,64,10000
a39e8264f59c44bdb9cee0d82cafd053,376,-7.7038,-20.9981,69.6028,0.1519,3,20,1,0.001,0.99,0.995,64,10000
a39e8264f59c44bdb9cee0d82cafd053,377,-6.5949,-16.9478,57.8648,0.1511,3,19,2,0.001,0.99,0.995,64,10000
a39e8264f59c44bdb9cee0d82cafd053,378,-44.497,-18.5704,61.2341,0.1504,2,18,4,0.001,0.99,0.995,64,10000
a39e8264f59c44bdb9cee0d82cafd053,379,-25.4913,-18.5041,51.3088,0.1496,3,18,3,0.001,0.99,0.995,64,10000
a39e8264f59c44bdb9cee0d82cafd053,380,-18.372,-18.9378,72.0937,0.1489,2,20,2,0.001,0.99,0.995,64,10000
a39e8264f59c44bdb9cee0d82cafd053,381,-9.1517,-18.9561,66.1818,0.1481,4,20,0,0.001,0.99,0.995,64,10000
a39e8264f59c44bdb9cee0d82cafd053,382,-8.1029,-18.7919,49.3546,0.1474,3,20,1,0.001,0.99,0.995,64,10000
a39e8264f59c44bdb9cee0d82cafd053,383,-29.9176,-19.0999,61.8655,0.1466,1,20,3,0.001,0.99,0.995,64,10000
a39e8264f59c44bdb9cee0d82cafd053,384,-7.9844,-18.575,54.7006,0.1459,3,20,1,0.001,0.99,0.995,64,10000
a39e8264f59c44bdb9cee0d82cafd053,385,-20.9367,-19.1849,58.8859,0.1452,4,18,2,0.001,0.99,0.995,64,10000
a39e8264f59c44bdb9cee0d82cafd053,386,-33.8243,-19.7639,54.0042,0.1444,2,20,2,0.001,0.99,0.995,64,10000
a39e8264f59c44bdb9cee0d82cafd053,387,-9.6295,-19.1928,54.8634,0.1437,1,21,2,0.001,0.99,0.995,64,10000
a39e8264f59c44bdb9cee0d82cafd053,388,-43.007,-19.9416,64.7018,0.143,5,18,1,0.001,0.99,0.995,64,10000
a39e8264f59c44bdb9cee0d82cafd053,389,-6.3064,-19.2751,54.8901,0.1423,4,19,1,0.001,0.99,0.995,64,10000
a39e8264f59c44bdb9cee0d82cafd053,390,-15.5374,-19.5267,62.0688,0.1416,5,18,1,0.001,0.99,0.995,64,10000
a39e8264f59c44bdb9cee0d82cafd053,391,-10.1566,-18.789,46.2281,0.1409,6,17,1,0.001,0.99,0.995,64,10000
a39e8264f59c44bdb9cee0d82cafd053,392,-100.2327,-21.0772,68.2032,0.1402,2,19,3,0.001,0.99,0.995,64,10000
a39e8264f59c44bdb9cee0d82cafd053,393,-44.7766,-22.517,55.5075,0.1395,4,19,1,0.001,0.99,0.995,64,10000
a39e8264f59c44bdb9cee0d82cafd053,394,-81.9067,-26.1242,48.2915,0.1388,4,18,2,0.001,0.99,0.995,64,10000
a39e8264f59c44bdb9cee0d82cafd053,395,-9.9087,-25.7356,49.8424,0.1381,3,20,1,0.001,0.99,0.995,64,10000
a39e8264f59c44bdb9cee0d82cafd053,396,-9.7751,-25.8959,54.4174,0.1374,3,21,0,0.001,0.99,0.995,64,10000
a39e8264f59c44bdb9cee0d82cafd053,397,-7.3057,-25.8769,51.798,0.1367,3,19,2,0.001,0.99,0.995,64,10000
a39e8264f59c44bdb9cee0d82cafd053,398,-11.9293,-26.1309,60.5339,0.136,1,21,2,0.001,0.99,0.995,64,10000
a39e8264f59c44bdb9cee0d82cafd053,399,-8.9882,-24.44,59.7598,0.1353,2,20,2,0.001,0.99,0.995,64,10000
a39e8264f59c44bdb9cee0d82cafd053,400,-22.929,-24.318,72.8092,0.1347,2,19,3,0.001,0.99,0.995,64,10000
a39e8264f59c44bdb9cee0d82cafd053,401,-131.4277,-29.7016,58.4341,0.134,4,16,4,0.001,0.99,0.995,64,10000
a39e8264f59c44bdb9cee0d82cafd053,402,-6.5377,-29.5771,54.5423,0.1333,4,20,0,0.001,0.99,0.995,64,10000
a39e8264f59c44bdb9cee0d82cafd053,403,-57.8909,-31.948,56.7267,0.1326,3,20,1,0.001,0.99,0.995,64,10000
a39e8264f59c44bdb9cee0d82cafd053,404,-7.7074,-30.8904,60.9406,0.132,4,20,0,0.001,0.99,0.995,64,10000
a39e8264f59c44bdb9cee0d82cafd053,405,-8.4748,-30.9137,48.8054,0.1313,2,19,3,0.001,0.99,0.995,64,10000
a39e8264f59c44bdb9cee0d82cafd053,406,-40.9147,-31.8651,50.1995,0.1307,4,18,2,0.001,0.99,0.995,64,10000
a39e8264f59c44bdb9cee0d82cafd053,407,-103.1212,-35.1649,37.2479,0.13,2,19,3,0.001,0.99,0.995,64,10000
a39e8264f59c44bdb9cee0d82cafd053,408,-124.8541,-40.6518,61.1864,0.1294,3,17,4,0.001,0.99,0.995,64,10000
a39e8264f59c44bdb9cee0d82cafd053,409,-6.5288,-38.9147,50.8032,0.1287,5,18,1,0.001,0.99,0.995,64,10000
a39e8264f59c44bdb9cee0d82cafd053,410,-28.5415,-39.9736,62.4097,0.1281,3,18,3,0.001,0.99,0.995,64,10000
a39e8264f59c44bdb9cee0d82cafd053,411,-6.931,-39.5637,52.6191,0.1274,3,19,2,0.001,0.99,0.995,64,10000
a39e8264f59c44bdb9cee0d82cafd053,412,-7.9794,-39.4601,65.2573,0.1268,2,21,1,0.001,0.99,0.995,64,10000
a39e8264f59c44bdb9cee0d82cafd053,413,-45.4104,-36.8495,46.322,0.1262,4,18,2,0.001,0.99,0.995,64,10000
a39e8264f59c44bdb9cee0d82cafd053,414,-23.2102,-35.8225,47.0858,0.1255,4,18,2,0.001,0.99,0.995,64,10000
a39e8264f59c44bdb9cee0d82cafd053,415,-43.1632,-33.9776,45.9438,0.1249,4,18,2,0.001,0.99,0.995,64,10000
a39e8264f59c44bdb9cee0d82cafd053,416,-113.8422,-38.9268,59.4632,0.1243,4,16,4,0.001,0.99,0.995,64,10000
a39e8264f59c44bdb9cee0d82cafd053,417,-6.7146,-38.781,45.792,0.1237,2,21,1,0.001,0.99,0.995,64,10000
a39e8264f59c44bdb9cee0d82cafd053,418,-6.7205,-38.7532,60.5965,0.123,2,20,2,0.001,0.99,0.995,64,10000
a39e8264f59c44bdb9cee0d82cafd053,419,-125.3855,-44.1558,47.0873,0.1224,2,18,4,0.001,0.99,0.995,64,10000
a39e8264f59c44bdb9cee0d82cafd053,420,-24.4839,-44.8937,53.1406,0.1218,3,18,3,0.001,0.99,0.995,64,10000
a39e8264f59c44bdb9cee0d82cafd053,421,-8.3355,-44.1988,36.5514,0.1212,4,20,0,0.001,0.99,0.995,64,10000
a39e8264f59c44bdb9cee0d82cafd053,422,-27.6923,-39.259,64.8746,0.1206,1,20,3,0.001,0.99,0.995,64,10000
a39e8264f59c44bdb9cee0d82cafd053,423,-11.7479,-39.5071,52.3739,0.12,3,20,1,0.001,0.99,0.995,64,10000
a39e8264f59c44bdb9cee0d82cafd053,424,-12.2812,-37.3352,46.5416,0.1194,2,20,2,0.001,0.99,0.995,64,10000
a39e8264f59c44bdb9cee0d82cafd053,425,-10.6413,-37.475,34.2424,0.1188,0,22,2,0.001,0.99,0.995,64,10000
a39e8264f59c44bdb9cee0d82cafd053,426,-10.4443,-37.5687,38.3034,0.1182,3,19,2,0.001,0.99,0.995,64,10000
a39e8264f59c44bdb9cee0d82cafd053,427,-57.9042,-38.3778,55.7654,0.1176,4,19,1,0.001,0.99,0.995,64,10000
a39e8264f59c44bdb9cee0d82cafd053,428,-12.6662,-34.0704,45.397,0.117,2,20,2,0.001,0.99,0.995,64,10000
a39e8264f59c44bdb9cee0d82cafd053,429,-8.3432,-28.5222,41.2619,0.1164,4,19,1,0.001,0.99,0.995,64,10000
a39e8264f59c44bdb9cee0d82cafd053,430,-7.7872,-28.5822,43.3066,0.1159,5,19,0,0.001,0.99,0.995,64,10000
a39e8264f59c44bdb9cee0d82cafd053,431,-31.2208,-28.7097,38.0827,0.1153,4,18,2,0.001,0.99,0.995,64,10000
a39e8264f59c44bdb9cee0d82cafd053,432,-8.5122,-28.785,37.485,0.1147,3,20,1,0.001,0.99,0.995,64,10000
a39e8264f59c44bdb9cee0d82cafd053,433,-16.3954,-29.1858,42.1798,0.1141,4,19,1,0.001,0.99,0.995,64,10000
a39e8264f59c44bdb9cee0d82cafd053,434,-8.2509,-27.4163,41.3535,0.1136,3,19,2,0.001,0.99,0.995,64,10000
a39e8264f59c44bdb9cee0d82cafd053,435,-7.8108,-26.683,37.9232,0.113,3,20,1,0.001,0.99,0.995,64,10000
a39e8264f59c44bdb9cee0d82cafd053,436,-11.1108,-25.1567,34.149,0.1124,3,20,1,0.001,0.99,0.995,64,10000
a39e8264f59c44bdb9cee0d82cafd053,437,-7.4853,-20.0921,45.5259,0.1119,5,18,1,0.001,0.99,0.995,64,10000
a39e8264f59c44bdb9cee0d82cafd053,438,-27.7434,-21.0935,38.7272,0.1113,1,21,2,0.001,0.99,0.995,64,10000
a39e8264f59c44bdb9cee0d82cafd053,439,-70.6045,-24.1356,38.6103,0.1107,2,19,3,0.001,0.99,0.995,64,10000
a39e8264f59c44bdb9cee0d82cafd053,440,-13.8938,-18.8264,41.2156,0.1102,2,20,2,0.001,0.99,0.995,64,10000
a39e8264f59c44bdb9cee0d82cafd053,441,-18.5447,-18.5436,40.184,0.1096,3,19,2,0.001,0.99,0.995,64,10000
a39e8264f59c44bdb9cee0d82cafd053,442,-15.7491,-18.8966,35.6642,0.1091,2,20,2,0.001,0.99,0.995,64,10000
a39e8264f59c44bdb9cee0d82cafd053,443,-115.853,-23.0948,38.8551,0.1085,4,18,2,0.001,0.99,0.995,64,10000
a39e8264f59c44bdb9cee0d82cafd053,444,-35.1723,-24.2102,29.3006,0.108,3,20,1,0.001,0.99,0.995,64,10000
a39e8264f59c44bdb9cee0d82cafd053,445,-86.8867,-27.7629,50.2227,0.1075,4,18,2,0.001,0.99,0.995,64,10000
a39e8264f59c44bdb9cee0d82cafd053,446,-15.4127,-27.9901,28.5282,0.1069,0,22,2,0.001,0.99,0.995,64,10000
a39e8264f59c44bdb9cee0d82cafd053,447,-51.2753,-29.9344,35.4759,0.1064,4,18,2,0.001,0.99,0.995,64,10000
a39e8264f59c44bdb9cee0d82cafd053,448,-7.9303,-27.5547,40.6448,0.1059,5,18,1,0.001,0.99,0.995,64,10000
a39e8264f59c44bdb9cee0d82cafd053,449,-9.0208,-27.3811,32.9148,0.1053,4,19,1,0.001,0.99,0.995,64,10000
a39e8264f59c44bdb9cee0d82cafd053,450,-16.8196,-27.7847,35.9543,0.1048,3,19,2,0.001,0.99,0.995,64,10000
a39e8264f59c44bdb9cee0d82cafd053,451,-30.8723,-28.884,34.536,0.1043,4,19,1,0.001,0.99,0.995,64,10000
a39e8264f59c44bdb9cee0d82cafd053,452,-9.2745,-27.839,30.9632,0.1038,4,20,0,0.001,0.99,0.995,64,10000
a39e8264f59c44bdb9cee0d82cafd053,453,-12.0699,-28.0084,35.6616,0.1032,3,21,0,0.001,0.99,0.995,64,10000
a39e8264f59c44bdb9cee0d82cafd053,454,-39.5648,-29.1117,30.9036,0.1027,6,17,1,0.001,0.99,0.995,64,10000
a39e8264f59c44bdb9cee0d82cafd053,455,-9.3777,-29.1654,28.2083,0.1022,4,19,1,0.001,0.99,0.995,64,10000
a39e8264f59c44bdb9cee0d82cafd053,456,-6.003,-29.0793,29.0411,0.1017,6,18,0,0.001,0.99,0.995,64,10000
a39e8264f59c44bdb9cee0d82cafd053,457,-17.3746,-29.3775,53.0072,0.1012,5,18,1,0.001,0.99,0.995,64,10000
a39e8264f59c44bdb9cee0d82cafd053,458,-37.6466,-30.8138,34.4311,0.1007,5,17,2,0.001,0.99,0.995,64,10000
a39e8264f59c44bdb9cee0d82cafd053,459,-8.1411,-29.8804,38.7399,0.1002,2,21,1,0.001,0.99,0.995,64,10000
a39e8264f59c44bdb9cee0d82cafd053,460,-118.7407,-32.1726,26.2891,0.0997,2,20,2,0.001,0.99,0.995,64,10000
a39e8264f59c44bdb9cee0d82cafd053,461,-23.1101,-32.6114,35.8,0.0992,4,18,2,0.001,0.99,0.995,64,10000
a39e8264f59c44bdb9cee0d82cafd053,462,-13.7408,-32.3827,27.5531,0.0987,3,19,2,0.001,0.99,0.995,64,10000
a39e8264f59c44bdb9cee0d82cafd053,463,-141.717,-38.3811,33.1364,0.0982,4,17,3,0.001,0.99,0.995,64,10000
a39e8264f59c44bdb9cee0d82cafd053,464,-6.6537,-33.1812,23.8571,0.0977,2,20,2,0.001,0.99,0.995,64,10000
a39e8264f59c44bdb9cee0d82cafd053,465,-25.3864,-32.7152,33.2163,0.0972,3,20,1,0.001,0.99,0.995,64,10000
a39e8264f59c44bdb9cee0d82cafd053,466,-14.505,-29.2684,22.157,0.0967,6,18,0,0.001,0.99,0.995,64,10000
a39e8264f59c44bdb9cee0d82cafd053,467,-14.5593,-29.2278,30.7493,0.0962,4,18,2,0.001,0.99,0.995,64,10000
a39e8264f59c44bdb9cee0d82cafd053,468,-10.2683,-27.2751,23.355,0.0958,4,18,2,0.001,0.99,0.995,64,10000
a39e8264f59c44bdb9cee0d82cafd053,469,-9.3527,-27.3428,31.9785,0.0953,4,20,0,0.001,0.99,0.995,64,10000
a39e8264f59c44bdb9cee0d82cafd053,470,-10.573,-27.4167,26.317,0.0948,4,20,0,0.001,0.99,0.995,64,10000
a39e8264f59c44bdb9cee0d82cafd053,471,-15.4114,-27.3497,23.5632,0.0943,4,18,2,0.001,0.99,0.995,64,10000
a39e8264f59c44bdb9cee0d82cafd053,472,-6.9139,-26.2088,29.1734,0.0939,3,19,2,0.001,0.99,0.995,64,10000
a39e8264f59c44bdb9cee0d82cafd053,473,-10.0911,-26.2477,24.7542,0.0934,4,19,1,0.001,0.99,0.995,64,10000
a39e8264f59c44bdb9cee0d82cafd053,474,-9.9929,-26.1488,23.5737,0.0929,6,17,1,0.001,0.99,0.995,64,10000
a39e8264f59c44bdb9cee0d82cafd053,475,-5.4,-24.5219,18.6174,0.0925,6,18,0,0.001,0.99,0.995,64,10000
a39e8264f59c44bdb9cee0d82cafd053,476,-11.6092,-24.6281,38.8637,0.092,4,20,0,0.001,0.99,0.995,64,10000
a39e8264f59c44bdb9cee0d82cafd053,477,-8.7987,-24.7613,27.71,0.0915,3,20,1,0.001,0.99,0.995,64,10000
a39e8264f59c44bdb9cee0d82cafd053,478,-5.402,-24.1911,29.2792,0.0911,6,18,0,0.001,0.99,0.995,64,10000
a39e8264f59c44bdb9cee0d82cafd053,479,-8.1453,-22.7863,22.3655,0.0906,4,20,0,0.001,0.99,0.995,64,10000
a39e8264f59c44bdb9cee0d82cafd053,480,-5.4858,-22.6599,24.8251,0.0902,6,18,0,0.001,0.99,0.995,64,10000
a39e8264f59c44bdb9cee0d82cafd053,481,-52.6071,-19.5107,20.696,0.0897,6,17,1,0.001,0.99,0.995,64,10000
a39e8264f59c44bdb9cee0d82cafd053,482,-6.4019,-18.715,22.1439,0.0893,3,19,2,0.001,0.99,0.995,64,10000
a39e8264f59c44bdb9cee0d82cafd053,483,-10.0531,-18.5394,18.9884,0.0888,3,21,0,0.001,0.99,0.995,64,10000
a39e8264f59c44bdb9cee0d82cafd053,484,-24.6098,-12.9629,19.3609,0.0884,3,19,2,0.001,0.99,0.995,64,10000
a39e8264f59c44bdb9cee0d82cafd053,485,-20.0613,-13.6013,21.4622,0.0879,1,21,2,0.001,0.99,0.995,64,10000
a39e8264f59c44bdb9cee0d82cafd053,486,-5.7272,-12.6652,18.4209,0.0875,5,19,0,0.001,0.99,0.995,64,10000
a39e8264f59c44bdb9cee0d82cafd053,487,-104.9725,-16.9732,24.7571,0.0871,3,19,2,0.001,0.99,0.995,64,10000
a39e8264f59c44bdb9cee0d82cafd053,488,-10.9107,-16.7994,15.2046,0.0866,2,21,1,0.001,0.99,0.995,64,10000
a39e8264f59c44bdb9cee0d82cafd053,489,-7.6637,-16.6754,24.7746,0.0862,6,18,0,0.001,0.99,0.995,64,10000
a39e8264f59c44bdb9cee0d82cafd053,490,-8.0045,-16.6112,19.0297,0.0858,3,20,1,0.001,0.99,0.995,64,10000
a39e8264f59c44bdb9cee0d82cafd053,491,-12.5816,-16.7068,20.3364,0.0853,6,18,0,0.001,0.99,0.995,64,10000
a39e8264f59c44bdb9cee0d82cafd053,492,-14.1261,-16.6456,17.9478,0.0849,2,20,2,0.001,0.99,0.995,64,10000
a39e8264f59c44bdb9cee0d82cafd053,493,-5.4121,-16.5741,19.855,0.0845,6,18,0,0.001,0.99,0.995,64,10000
a39e8264f59c44bdb9cee0d82cafd053,494,-19.0627,-17.0013,21.8691,0.0841,1,21,2,0.001,0.99,0.995,64,10000
a39e8264f59c44bdb9cee0d82cafd053,495,-31.3039,-18.0161,19.3643,0.0836,4,18,2,0.001,0.99,0.995,64,10000
a39e8264f59c44bdb9cee0d82cafd053,496,-6.2176,-18.0551,14.7872,0.0832,5,19,0,0.001,0.99,0.995,64,10000
a39e8264f59c44bdb9cee0d82cafd053,497,-28.331,-18.8514,18.7065,0.0828,3,19,2,0.001,0.99,0.995,64,10000
a39e8264f59c44bdb9cee0d82cafd053,498,-6.578,-18.7456,21.731,0.0824,3,21,0,0.001,0.99,0.995,64,10000
a39e8264f59c44bdb9cee0d82cafd053,499,-23.0966,-19.5882,19.9812,0.082,2,19,3,0.001,0.99,0.995,64,10000
a39e8264f59c44bdb9cee0d82cafd053,500,-5.4,-19.4575,14.8047,0.0816,6,18,0,0.001,0.99,0.995,64,10000
a39e8264f59c44bdb9cee0d82cafd053,501,-11.0056,-19.7203,19.0113,0.0812,3,19,2,0.001,0.99,0.995,64,10000
a39e8264f59c44bdb9cee0d82cafd053,502,-9.3351,-17.6598,22.2035,0.0808,5,18,1,0.001,0.99,0.995,64,10000
a39e8264f59c44bdb9cee0d82cafd053,503,-6.4965,-17.6643,23.241,0.0804,7,17,0,0.001,0.99,0.995,64,10000
a39e8264f59c44bdb9cee0d82cafd053,504,-6.4868,-17.4944,21.675,0.08,5,19,0,0.001,0.99,0.995,64,10000
a39e8264f59c44bdb9cee0d82cafd053,505,-6.0924,-16.6127,20.6925,0.0796,6,17,1,0.001,0.99,0.995,64,10000
a39e8264f59c44bdb9cee0d82cafd053,506,-8.5159,-16.0629,19.2774,0.0792,5,18,1,0.001,0.99,0.995,64,10000
a39e8264f59c44bdb9cee0d82cafd053,507,-8.694,-16.2042,12.3584,0.0788,2,20,2,0.001,0.99,0.995,64,10000
a39e8264f59c44bdb9cee0d82cafd053,508,-125.1649,-17.1657,20.2024,0.0784,4,18,2,0.001,0.99,0.995,64,10000
a39e8264f59c44bdb9cee0d82cafd053,509,-8.9107,-17.0705,14.643,0.078,4,19,1,0.001,0.99,0.995,64,10000
a39e8264f59c44bdb9cee0d82cafd053,510,-7.2252,-17.0496,13.5213,0.0776,5,19,0,0.001,0.99,0.995,64,10000
a39e8264f59c44bdb9cee0d82cafd053,511,-6.8678,-16.9954,21.44,0.0772,5,19,0,0.001,0.99,0.995,64,10000
a39e8264f59c44bdb9cee0d82cafd053,512,-6.8261,-16.7214,18.7372,0.0768,4,19,1,0.001,0.99,0.995,64,10000
a39e8264f59c44bdb9cee0d82cafd053,513,-6.7091,-16.3682,16.424,0.0764,7,16,1,0.001,0.99,0.995,64,10000
a39e8264f59c44bdb9cee0d82cafd053,514,-40.1049,-18.0202,17.0269,0.076,5,18,1,0.001,0.99,0.995,64,10000
a39e8264f59c44bdb9cee0d82cafd053,515,-9.3605,-17.5582,11.4747,0.0757,3,19,2,0.001,0.99,0.995,64,10000
a39e8264f59c44bdb9cee0d82cafd053,516,-18.9529,-16.9701,19.5487,0.0753,3,19,2,0.001,0.99,0.995,64,10000
a39e8264f59c44bdb9cee0d82cafd053,517,-10.2899,-17.164,15.1016,0.0749,4,19,1,0.001,0.99,0.995,64,10000
a39e8264f59c44bdb9cee0d82cafd053,518,-232.6033,-26.8912,15.562,0.0745,4,17,3,0.001,0.99,0.995,64,10000
a39e8264f59c44bdb9cee0d82cafd053,519,-6.1274,-26.8698,19.165,0.0742,5,18,1,0.001,0.99,0.995,64,10000
a39e8264f59c44bdb9cee0d82cafd053,520,-7.437,-26.1241,12.6793,0.0738,5,17,2,0.001,0.99,0.995,64,10000
a39e8264f59c44bdb9cee0d82cafd053,521,-17.5149,-26.701,14.6336,0.0734,1,22,1,0.001,0.99,0.995,64,10000
a39e8264f59c44bdb9cee0d82cafd053,522,-9.8832,-26.6475,17.9302,0.0731,4,18,2,0.001,0.99,0.995,64,10000
a39e8264f59c44bdb9cee0d82cafd053,523,-6.7777,-26.5258,17.0214,0.0727,2,21,1,0.001,0.99,0.995,64,10000
a39e8264f59c44bdb9cee0d82cafd053,524,-7.3074,-26.5644,9.8453,0.0723,5,18,1,0.001,0.99,0.995,64,10000
a39e8264f59c44bdb9cee0d82cafd053,525,-5.4421,-26.5146,15.8659,0.072,6,18,0,0.001,0.99,0.995,64,10000
a39e8264f59c44bdb9cee0d82cafd053,526,-14.6247,-26.9209,14.9756,0.0716,4,19,1,0.001,0.99,0.995,64,10000
a39e8264f59c44bdb9cee0d82cafd053,527,-5.7,-26.7868,19.876,0.0712,5,19,0,0.001,0.99,0.995,64,10000
a39e8264f59c44bdb9cee0d82cafd053,528,-14.3627,-27.0568,16.5053,0.0709,2,20,2,0.001,0.99,0.995,64,10000
a39e8264f59c44bdb9cee0d82cafd053,529,-47.7035,-23.3681,15.6285,0.0705,4,19,1,0.001,0.99,0.995,64,10000
a39e8264f59c44bdb9cee0d82cafd053,530,-33.8754,-24.5569,9.9745,0.0702,4,18,2,0.001,0.99,0.995,64,10000
a39e8264f59c44bdb9cee0d82cafd053,531,-5.4,-24.47,19.5874,0.0698,6,18,0,0.001,0.99,0.995,64,10000
a39e8264f59c44bdb9cee0d82cafd053,532,-6.8524,-24.4693,16.7476,0.0695,3,19,2,0.001,0.99,0.995,64,10000
a39e8264f59c44bdb9cee0d82cafd053,533,-22.1415,-25.1986,19.9701,0.0691,3,19,2,0.001,0.99,0.995,64,10000
a39e8264f59c44bdb9cee0d82cafd053,534,-10.2834,-25.3688,18.3923,0.0688,4,20,0,0.001,0.99,0.995,64,10000
a39e8264f59c44bdb9cee0d82cafd053,535,-69.9367,-26.7894,11.1273,0.0684,5,16,3,0.001,0.99,0.995,64,10000
a39e8264f59c44bdb9cee0d82cafd053,536,-14.6563,-27.0415,11.9528,0.0681,2,21,1,0.001,0.99,0.995,64,10000
a39e8264f59c44bdb9cee0d82cafd053,537,-6.0212,-26.4257,11.2041,0.0678,4,19,1,0.001,0.99,0.995,64,10000
a39e8264f59c44bdb9cee0d82cafd053,538,-40.1141,-27.8459,10.0397,0.0674,6,17,1,0.001,0.99,0.995,64,10000
a39e8264f59c44bdb9cee0d82cafd053,539,-11.9797,-17.3401,11.652,0.0671,4,20,0,0.001,0.99,0.995,64,10000
a39e8264f59c44bdb9cee0d82cafd053,540,-5.8603,-17.3273,10.3674,0.0668,5,19,0,0.001,0.99,0.995,64,10000
a39e8264f59c44bdb9cee0d82cafd053,541,-9.2031,-17.4114,11.3625,0.0664,5,19,0,0.001,0.99,0.995,64,10000
a39e8264f59c44bdb9cee0d82cafd053,542,-12.4825,-17.1718,11.2161,0.0661,2,20,2,0.001,0.99,0.995,64,10000
a39e8264f59c44bdb9cee0d82cafd053,543,-5.7,-16.9726,12.0933,0.0658,5,18,1,0.001,0.99,0.995,64,10000
a39e8264f59c44bdb9cee0d82cafd053,544,-19.5977,-17.5831,13.0976,0.0654,6,17,1,0.001,0.99,0.995,64,10000
a39e8264f59c44bdb9cee0d82cafd053,545,-28.5409,-18.5942,12.9714,0.0651,3,19,2,0.001,0.99,0.995,64,10000
a39e8264f59c44bdb9cee0d82cafd053,546,-12.8776,-18.9483,9.2308,0.0648,4,19,1,0.001,0.99,0.995,64,10000
a39e8264f59c44bdb9cee0d82cafd053,547,-6.6051,-18.5664,12.3053,0.0645,2,21,1,0.001,0.99,0.995,64,10000
a39e8264f59c44bdb9cee0d82cafd053,548,-9.4371,-18.7444,9.8929,0.0641,4,20,0,0.001,0.99,0.995,64,10000
a39e8264f59c44bdb9cee0d82cafd053,549,-6.3142,-18.3611,7.2176,0.0638,4,20,0,0.001,0.99,0.995,64,10000
a39e8264f59c44bdb9cee0d82cafd053,550,-11.9104,-16.6567,8.6055,0.0635,3,21,0,0.001,0.99,0.995,64,10000
a39e8264f59c44bdb9cee0d82cafd053,551,-73.7205,-18.554,9.3676,0.0632,4,18,2,0.001,0.99,0.995,64,10000
a39e8264f59c44bdb9cee0d82cafd053,552,-6.0,-18.5826,9.2526,0.0629,4,19,1,0.001,0.99,0.995,64,10000
a39e8264f59c44bdb9cee0d82cafd053,553,-5.707,-18.5281,11.9036,0.0625,7,16,1,0.001,0.99,0.995,64,10000
a39e8264f59c44bdb9cee0d82cafd053,554,-4.6765,-17.6964,7.6267,0.0622,9,15,0,0.001,0.99,0.995,64,10000
a39e8264f59c44bdb9cee0d82cafd053,555,-8.3403,-17.6039,8.7905,0.0619,5,18,1,0.001,0.99,0.995,64,10000
a39e8264f59c44bdb9cee0d82cafd053,556,-26.3616,-15.5289,8.3169,0.0616,6,17,1,0.001,0.99,0.995,64,10000
a39e8264f59c44bdb9cee0d82cafd053,557,-9.4135,-15.2792,8.52,0.0613,4,18,2,0.001,0.99,0.995,64,10000
a39e8264f59c44bdb9cee0d82cafd053,558,-5.7,-15.2639,7.2781,0.061,5,19,0,0.001,0.99,0.995,64,10000
a39e8264f59c44bdb9cee0d82cafd053,559,-5.4,-13.6109,6.8868,0.0607,6,18,0,0.001,0.99,0.995,64,10000
a39e8264f59c44bdb9cee0d82cafd053,560,-20.5726,-14.02,7.473,0.0604,3,19,2,0.001,0.99,0.995,64,10000
a39e8264f59c44bdb9cee0d82cafd053,561,-7.618,-14.1037,10.1884,0.0601,6,18,0,0.001,0.99,0.995,64,10000
a39e8264f59c44bdb9cee0d82cafd053,562,-5.811,-13.9422,6.7472,0.0598,6,18,0,0.001,0.99,0.995,64,10000
a39e8264f59c44bdb9cee0d82cafd053,563,-5.1,-13.5907,7.1599,0.0595,7,17,0,0.001,0.99,0.995,64,10000
a39e8264f59c44bdb9cee0d82cafd053,564,-5.6441,-13.588,9.0513,0.0592,8,15,1,0.001,0.99,0.995,64,10000
a39e8264f59c44bdb9cee0d82cafd053,565,-7.7714,-13.0249,6.2945,0.0589,3,19,2,0.001,0.99,0.995,64,10000
a39e8264f59c44bdb9cee0d82cafd053,566,-22.2122,-12.7235,8.6608,0.0586,1,20,3,0.001,0.99,0.995,64,10000
a39e8264f59c44bdb9cee0d82cafd053,567,-5.7455,-12.3839,6.6955,0.0583,5,19,0,0.001,0.99,0.995,64,10000
a39e8264f59c44bdb9cee0d82cafd053,568,-5.7,-12.3408,5.7758,0.058,5,19,0,0.001,0.99,0.995,64,10000
a39e8264f59c44bdb9cee0d82cafd053,569,-6.1839,-12.1858,7.3318,0.0577,7,16,1,0.001,0.99,0.995,64,10000
a39e8264f59c44bdb9cee0d82cafd053,570,-38.8981,-13.7375,8.1934,0.0574,5,17,2,0.001,0.99,0.995,64,10000
a39e8264f59c44bdb9cee0d82cafd053,571,-9.8063,-13.6373,6.2748,0.0571,2,20,2,0.001,0.99,0.995,64,10000
a39e8264f59c44bdb9cee0d82cafd053,572,-5.4301,-10.3853,7.283,0.0569,7,16,1,0.001,0.99,0.995,64,10000
a39e8264f59c44bdb9cee0d82cafd053,573,-5.1079,-10.3429,9.694,0.0566,7,17,0,0.001,0.99,0.995,64,10000
a39e8264f59c44bdb9cee0d82cafd053,574,-6.6865,-10.3895,8.5891,0.0563,3,20,1,0.001,0.99,0.995,64,10000
a39e8264f59c44bdb9cee0d82cafd053,575,-15.6996,-10.9144,7.8677,0.056,5,17,2,0.001,0.99,0.995,64,10000
a39e8264f59c44bdb9cee0d82cafd053,576,-9.8592,-10.9867,6.7435,0.0557,4,20,0,0.001,0.99,0.995,64,10000
a39e8264f59c44bdb9cee0d82cafd053,577,-8.1051,-10.1174,6.9877,0.0555,6,17,1,0.001,0.99,0.995,64,10000
a39e8264f59c44bdb9cee0d82cafd053,578,-13.7871,-10.3256,6.6659,0.0552,2,20,2,0.001,0.99,0.995,64,10000
a39e8264f59c44bdb9cee0d82cafd053,579,-8.0215,-10.4362,7.2637,0.0549,3,19,2,0.001,0.99,0.995,64,10000
a39e8264f59c44bdb9cee0d82cafd053,580,-7.4529,-10.534,6.2886,0.0546,6,18,0,0.001,0.99,0.995,64,10000
a39e8264f59c44bdb9cee0d82cafd053,581,-35.1063,-11.226,5.786,0.0544,8,15,1,0.001,0.99,0.995,64,10000
a39e8264f59c44bdb9cee0d82cafd053,582,-5.1763,-11.1098,7.0562,0.0541,7,16,1,0.001,0.99,0.995,64,10000
a39e8264f59c44bdb9cee0d82cafd053,583,-8.5577,-11.2406,9.5079,0.0538,4,20,0,0.001,0.99,0.995,64,10000
a39e8264f59c44bdb9cee0d82cafd053,584,-8.0743,-11.3822,6.8929,0.0535,5,18,1,0.001,0.99,0.995,64,10000
a39e8264f59c44bdb9cee0d82cafd053,585,-7.8917,-11.4892,7.7018,0.0533,6,18,0,0.001,0.99,0.995,64,10000
a39e8264f59c44bdb9cee0d82cafd053,586,-45.9876,-13.309,4.8167,0.053,4,19,1,0.001,0.99,0.995,64,10000
a39e8264f59c44bdb9cee0d82cafd053,587,-13.9561,-12.9159,5.1043,0.0527,4,18,2,0.001,0.99,0.995,64,10000
a39e8264f59c44bdb9cee0d82cafd053,588,-5.9182,-12.9241,10.3029,0.0525,5,19,0,0.001,0.99,0.995,64,10000
a39e8264f59c44bdb9cee0d82cafd053,589,-14.796,-13.3573,5.8851,0.0522,6,17,1,0.001,0.99,0.995,64,10000
a39e8264f59c44bdb9cee0d82cafd053,590,-10.2474,-13.5507,4.9047,0.052,4,18,2,0.001,0.99,0.995,64,10000
a39e8264f59c44bdb9cee0d82cafd053,591,-10.7677,-12.2112,5.0424,0.0517,4,19,1,0.001,0.99,0.995,64,10000
a39e8264f59c44bdb9cee0d82cafd053,592,-12.3415,-12.3319,6.8658,0.0514,4,19,1,0.001,0.99,0.995,64,10000
a39e8264f59c44bdb9cee0d82cafd053,593,-9.5618,-12.5287,7.8052,0.0512,3,20,1,0.001,0.99,0.995,64,10000
a39e8264f59c44bdb9cee0d82cafd053,594,-17.7384,-13.1301,4.2314,0.0509,5,17,2,0.001,0.99,0.995,64,10000
a39e8264f59c44bdb9cee0d82cafd053,595,-18.5375,-13.6945,8.9124,0.0507,5,17,2,0.001,0.99,0.995,64,10000
a39e8264f59c44bdb9cee0d82cafd053,596,-6.141,-13.2393,8.7595,0.0504,4,20,0,0.001,0.99,0.995,64,10000
a39e8264f59c44bdb9cee0d82cafd053,597,-7.1983,-13.1126,4.5283,0.0502,4,18,2,0.001,0.99,0.995,64,10000
a39e8264f59c44bdb9cee0d82cafd053,598,-8.1413,-13.1143,7.1434,0.05,4,19,1,0.001,0.99,0.995,64,10000
a39e8264f59c44bdb9cee0d82cafd053,599,-7.8027,-12.8293,5.2412,0.05,4,19,1,0.001,0.99,0.995,64,10000
a39e8264f59c44bdb9cee0d82cafd053,600,-6.3,-12.7474,7.8437,0.05,3,20,1,0.001,0.99,0.995,64,10000
